ID,DataRow ID,Labeled Data,Label,Created By,Project Name,Created At,Updated At,Seconds to Label,External ID,Agreement,Benchmark Agreement,Benchmark ID,Benchmark Reference ID,Dataset Name,Reviews,View Label,Has Open Issues
ckpcoud1g00033d6c4pyy4p6s,ckpcnkqjp4hsd0yroa3gjca80,https://storage.labelbox.com/ckpckk5dxf8520zai3jwdbv1x%2F929e04cd-ca04-1102-335c-7b900a9ff533-2.jpeg?Expires=1623681064855&KeyName=labelbox-assets-key-3&Signature=S8TKfs8NEBgI6pm5_DpDGF-Fa9Y,"{""objects"":[{""featureId"":""ckpcotvuq00013d6clx54a4wr"",""schemaId"":""ckpcoduvlfum70zai8dpf6oqv"",""title"":""obstacle"",""value"":""obstacle"",""color"":""#1CE6FF"",""bbox"":{""top"":4,""left"":127,""height"":505,""width"":1081},""instanceURI"":""https://api.labelbox.com/masks/feature/ckpcotvuq00013d6clx54a4wr?token=eyJhbGciOiJIUzI1NiIsInR5cCI6IkpXVCJ9.eyJ1c2VySWQiOiJja3Bja2s1ZW9mODUzMHphaTA4N3M1eGh6Iiwib3JnYW5pemF0aW9uSWQiOiJja3Bja2s1ZHhmODUyMHphaTNqd2RidjF4IiwiaWF0IjoxNjIyNDcxNDY0LCJleHAiOjE2MjUwNjM0NjR9.x-jYI-YQUBqjkYlsKA9ocRBNe7_1FXt5u32cWG_1bpk""}],""classifications"":[]}",jayaprakashrayani@gmail.com,Robot_vacume_cleaner,1622470465000,1622470466000,111.943,2.jpeg,-1,-1,,,Vacum_data,[],https://editor.labelbox.com?project=ckpcla3zmbo6k0743rpt6k6l7&label=ckpcoud1g00033d6c4pyy4p6s,0
ckpcovedt000d3d6cc8xlog46,ckpcnkqjp4hsp0yro8tp70w03,https://storage.labelbox.com/ckpckk5dxf8520zai3jwdbv1x%2F7285d644-6cac-b40c-b8cd-8ad299072e07-5.jpeg?Expires=1623681064856&KeyName=labelbox-assets-key-3&Signature=ffQ9q1s-E6U0GWsEo_-KFgIgkKQ,"{""objects"":[{""featureId"":""ckpcouhoh00053d6cy8fh6p9a"",""schemaId"":""ckpcoduvlfum70zai8dpf6oqv"",""title"":""obstacle"",""value"":""obstacle"",""color"":""#1CE6FF"",""bbox"":{""top"":462,""left"":451,""height"":199,""width"":294},""instanceURI"":""https://api.labelbox.com/masks/feature/ckpcouhoh00053d6cy8fh6p9a?token=eyJhbGciOiJIUzI1NiIsInR5cCI6IkpXVCJ9.eyJ1c2VySWQiOiJja3Bja2s1ZW9mODUzMHphaTA4N3M1eGh6Iiwib3JnYW5pemF0aW9uSWQiOiJja3Bja2s1ZHhmODUyMHphaTNqd2RidjF4IiwiaWF0IjoxNjIyNDcxNDY0LCJleHAiOjE2MjUwNjM0NjR9.x-jYI-YQUBqjkYlsKA9ocRBNe7_1FXt5u32cWG_1bpk""},{""featureId"":""ckpcour0s00083d6clvdwcqfp"",""schemaId"":""ckpcoduvlfum70zai8dpf6oqv"",""title"":""obstacle"",""value"":""obstacle"",""color"":""#1CE6FF"",""bbox"":{""top"":0,""left"":0,""height"":375,""width"":349},""instanceURI"":""https://api.labelbox.com/masks/feature/ckpcour0s00083d6clvdwcqfp?token=eyJhbGciOiJIUzI1NiIsInR5cCI6IkpXVCJ9.eyJ1c2VySWQiOiJja3Bja2s1ZW9mODUzMHphaTA4N3M1eGh6Iiwib3JnYW5pemF0aW9uSWQiOiJja3Bja2s1ZHhmODUyMHphaTNqd2RidjF4IiwiaWF0IjoxNjIyNDcxNDY0LCJleHAiOjE2MjUwNjM0NjR9.x-jYI-YQUBqjkYlsKA9ocRBNe7_1FXt5u32cWG_1bpk""},{""featureId"":""ckpcov5je000b3d6cu1u8qo1v"",""schemaId"":""ckpcoduvlfum70zai8dpf6oqv"",""title"":""obstacle"",""value"":""obstacle"",""color"":""#1CE6FF"",""bbox"":{""top"":189,""left"":476,""height"":65,""width"":246},""instanceURI"":""https://api.labelbox.com/masks/feature/ckpcov5je000b3d6cu1u8qo1v?token=eyJhbGciOiJIUzI1NiIsInR5cCI6IkpXVCJ9.eyJ1c2VySWQiOiJja3Bja2s1ZW9mODUzMHphaTA4N3M1eGh6Iiwib3JnYW5pemF0aW9uSWQiOiJja3Bja2s1ZHhmODUyMHphaTNqd2RidjF4IiwiaWF0IjoxNjIyNDcxNDY0LCJleHAiOjE2MjUwNjM0NjR9.x-jYI-YQUBqjkYlsKA9ocRBNe7_1FXt5u32cWG_1bpk""}],""classifications"":[]}",jayaprakashrayani@gmail.com,Robot_vacume_cleaner,1622470513000,1622470514000,48.290000000000006,5.jpeg,-1,-1,,,Vacum_data,[],https://editor.labelbox.com?project=ckpcla3zmbo6k0743rpt6k6l7&label=ckpcovedt000d3d6cc8xlog46,0
ckpcoxqx0000w3d6cmm0ubo2j,ckpcnkqjp4ht10yrodk2r5hye,https://storage.labelbox.com/ckpckk5dxf8520zai3jwdbv1x%2Fd065426d-bf5d-b6f5-4e03-736c544378e8-8.jpeg?Expires=1623681064857&KeyName=labelbox-assets-key-3&Signature=mxvo3Lp0M-p75NIig1yrdjOxzuk,"{""objects"":[{""featureId"":""ckpcovhwt000f3d6cadp2xrgp"",""schemaId"":""ckpcoduvlfum70zai8dpf6oqv"",""title"":""obstacle"",""value"":""obstacle"",""color"":""#1CE6FF"",""bbox"":{""top"":113,""left"":403,""height"":338,""width"":597},""instanceURI"":""https://api.labelbox.com/masks/feature/ckpcovhwt000f3d6cadp2xrgp?token=eyJhbGciOiJIUzI1NiIsInR5cCI6IkpXVCJ9.eyJ1c2VySWQiOiJja3Bja2s1ZW9mODUzMHphaTA4N3M1eGh6Iiwib3JnYW5pemF0aW9uSWQiOiJja3Bja2s1ZHhmODUyMHphaTNqd2RidjF4IiwiaWF0IjoxNjIyNDcxNDY0LCJleHAiOjE2MjUwNjM0NjR9.x-jYI-YQUBqjkYlsKA9ocRBNe7_1FXt5u32cWG_1bpk""},{""featureId"":""ckpcowi6m000i3d6cybd0eato"",""schemaId"":""ckpcoduvlfum70zai8dpf6oqv"",""title"":""obstacle"",""value"":""obstacle"",""color"":""#1CE6FF"",""bbox"":{""top"":3,""left"":1,""height"":246,""width"":84},""instanceURI"":""https://api.labelbox.com/masks/feature/ckpcowi6m000i3d6cybd0eato?token=eyJhbGciOiJIUzI1NiIsInR5cCI6IkpXVCJ9.eyJ1c2VySWQiOiJja3Bja2s1ZW9mODUzMHphaTA4N3M1eGh6Iiwib3JnYW5pemF0aW9uSWQiOiJja3Bja2s1ZHhmODUyMHphaTNqd2RidjF4IiwiaWF0IjoxNjIyNDcxNDY0LCJleHAiOjE2MjUwNjM0NjR9.x-jYI-YQUBqjkYlsKA9ocRBNe7_1FXt5u32cWG_1bpk""},{""featureId"":""ckpcowo43000l3d6cf8m7ujim"",""schemaId"":""ckpcoduvlfum70zai8dpf6oqv"",""title"":""obstacle"",""value"":""obstacle"",""color"":""#1CE6FF"",""bbox"":{""top"":15,""left"":217,""height"":171,""width"":334},""instanceURI"":""https://api.labelbox.com/masks/feature/ckpcowo43000l3d6cf8m7ujim?token=eyJhbGciOiJIUzI1NiIsInR5cCI6IkpXVCJ9.eyJ1c2VySWQiOiJja3Bja2s1ZW9mODUzMHphaTA4N3M1eGh6Iiwib3JnYW5pemF0aW9uSWQiOiJja3Bja2s1ZHhmODUyMHphaTNqd2RidjF4IiwiaWF0IjoxNjIyNDcxNDY0LCJleHAiOjE2MjUwNjM0NjR9.x-jYI-YQUBqjkYlsKA9ocRBNe7_1FXt5u32cWG_1bpk""},{""featureId"":""ckpcowzqv000o3d6cjs3jopnc"",""schemaId"":""ckpcoduvlfum70zai8dpf6oqv"",""title"":""obstacle"",""value"":""obstacle"",""color"":""#1CE6FF"",""bbox"":{""top"":42,""left"":849,""height"":170,""width"":268},""instanceURI"":""https://api.labelbox.com/masks/feature/ckpcowzqv000o3d6cjs3jopnc?token=eyJhbGciOiJIUzI1NiIsInR5cCI6IkpXVCJ9.eyJ1c2VySWQiOiJja3Bja2s1ZW9mODUzMHphaTA4N3M1eGh6Iiwib3JnYW5pemF0aW9uSWQiOiJja3Bja2s1ZHhmODUyMHphaTNqd2RidjF4IiwiaWF0IjoxNjIyNDcxNDY0LCJleHAiOjE2MjUwNjM0NjR9.x-jYI-YQUBqjkYlsKA9ocRBNe7_1FXt5u32cWG_1bpk""},{""featureId"":""ckpcoxb31000r3d6chzi5igbt"",""schemaId"":""ckpcoduvlfum70zai8dpf6oqv"",""title"":""obstacle"",""value"":""obstacle"",""color"":""#1CE6FF"",""bbox"":{""top"":6,""left"":852,""height"":34,""width"":256},""instanceURI"":""https://api.labelbox.com/masks/feature/ckpcoxb31000r3d6chzi5igbt?token=eyJhbGciOiJIUzI1NiIsInR5cCI6IkpXVCJ9.eyJ1c2VySWQiOiJja3Bja2s1ZW9mODUzMHphaTA4N3M1eGh6Iiwib3JnYW5pemF0aW9uSWQiOiJja3Bja2s1ZHhmODUyMHphaTNqd2RidjF4IiwiaWF0IjoxNjIyNDcxNDY0LCJleHAiOjE2MjUwNjM0NjR9.x-jYI-YQUBqjkYlsKA9ocRBNe7_1FXt5u32cWG_1bpk""},{""featureId"":""ckpcoxgtq000u3d6co8ys8bwx"",""schemaId"":""ckpcoduvlfum70zai8dpf6oqv"",""title"":""obstacle"",""value"":""obstacle"",""color"":""#1CE6FF"",""bbox"":{""top"":4,""left"":1155,""height"":258,""width"":125},""instanceURI"":""https://api.labelbox.com/masks/feature/ckpcoxgtq000u3d6co8ys8bwx?token=eyJhbGciOiJIUzI1NiIsInR5cCI6IkpXVCJ9.eyJ1c2VySWQiOiJja3Bja2s1ZW9mODUzMHphaTA4N3M1eGh6Iiwib3JnYW5pemF0aW9uSWQiOiJja3Bja2s1ZHhmODUyMHphaTNqd2RidjF4IiwiaWF0IjoxNjIyNDcxNDY0LCJleHAiOjE2MjUwNjM0NjR9.x-jYI-YQUBqjkYlsKA9ocRBNe7_1FXt5u32cWG_1bpk""}],""classifications"":[]}",jayaprakashrayani@gmail.com,Robot_vacume_cleaner,1622470623000,1622470623000,105.89999999999999,8.jpeg,-1,-1,,,Vacum_data,[],https://editor.labelbox.com?project=ckpcla3zmbo6k0743rpt6k6l7&label=ckpcoxqx0000w3d6cmm0ubo2j,0
ckpcozhzy001c3d6c9krt5u0r,ckpcnkqjq4htd0yro9uwx4ox0,https://storage.labelbox.com/ckpckk5dxf8520zai3jwdbv1x%2F604abaf2-174d-dd00-b39c-e346973f82a2-11.jpeg?Expires=1623681064857&KeyName=labelbox-assets-key-3&Signature=-XCyCeSyh7Rqan4u0H5x2uBoQ4k,"{""objects"":[{""featureId"":""ckpcoygf000113d6ch1zrh4lh"",""schemaId"":""ckpcoduvlfum70zai8dpf6oqv"",""title"":""obstacle"",""value"":""obstacle"",""color"":""#1CE6FF"",""bbox"":{""top"":320,""left"":290,""height"":216,""width"":717},""instanceURI"":""https://api.labelbox.com/masks/feature/ckpcoygf000113d6ch1zrh4lh?token=eyJhbGciOiJIUzI1NiIsInR5cCI6IkpXVCJ9.eyJ1c2VySWQiOiJja3Bja2s1ZW9mODUzMHphaTA4N3M1eGh6Iiwib3JnYW5pemF0aW9uSWQiOiJja3Bja2s1ZHhmODUyMHphaTNqd2RidjF4IiwiaWF0IjoxNjIyNDcxNDY0LCJleHAiOjE2MjUwNjM0NjR9.x-jYI-YQUBqjkYlsKA9ocRBNe7_1FXt5u32cWG_1bpk""},{""featureId"":""ckpcoyt1a00143d6c0ro768il"",""schemaId"":""ckpcoduvlfum70zai8dpf6oqv"",""title"":""obstacle"",""value"":""obstacle"",""color"":""#1CE6FF"",""bbox"":{""top"":4,""left"":2,""height"":220,""width"":162},""instanceURI"":""https://api.labelbox.com/masks/feature/ckpcoyt1a00143d6c0ro768il?token=eyJhbGciOiJIUzI1NiIsInR5cCI6IkpXVCJ9.eyJ1c2VySWQiOiJja3Bja2s1ZW9mODUzMHphaTA4N3M1eGh6Iiwib3JnYW5pemF0aW9uSWQiOiJja3Bja2s1ZHhmODUyMHphaTNqd2RidjF4IiwiaWF0IjoxNjIyNDcxNDY0LCJleHAiOjE2MjUwNjM0NjR9.x-jYI-YQUBqjkYlsKA9ocRBNe7_1FXt5u32cWG_1bpk""},{""featureId"":""ckpcoz0fi00173d6c39q33wsp"",""schemaId"":""ckpcoduvlfum70zai8dpf6oqv"",""title"":""obstacle"",""value"":""obstacle"",""color"":""#1CE6FF"",""bbox"":{""top"":164,""left"":1192,""height"":253,""width"":88},""instanceURI"":""https://api.labelbox.com/masks/feature/ckpcoz0fi00173d6c39q33wsp?token=eyJhbGciOiJIUzI1NiIsInR5cCI6IkpXVCJ9.eyJ1c2VySWQiOiJja3Bja2s1ZW9mODUzMHphaTA4N3M1eGh6Iiwib3JnYW5pemF0aW9uSWQiOiJja3Bja2s1ZHhmODUyMHphaTNqd2RidjF4IiwiaWF0IjoxNjIyNDcxNDY0LCJleHAiOjE2MjUwNjM0NjR9.x-jYI-YQUBqjkYlsKA9ocRBNe7_1FXt5u32cWG_1bpk""},{""featureId"":""ckpcoz7bf001a3d6ckvqs3oso"",""schemaId"":""ckpcoduvlfum70zai8dpf6oqv"",""title"":""obstacle"",""value"":""obstacle"",""color"":""#1CE6FF"",""bbox"":{""top"":200,""left"":1133,""height"":170,""width"":62},""instanceURI"":""https://api.labelbox.com/masks/feature/ckpcoz7bf001a3d6ckvqs3oso?token=eyJhbGciOiJIUzI1NiIsInR5cCI6IkpXVCJ9.eyJ1c2VySWQiOiJja3Bja2s1ZW9mODUzMHphaTA4N3M1eGh6Iiwib3JnYW5pemF0aW9uSWQiOiJja3Bja2s1ZHhmODUyMHphaTNqd2RidjF4IiwiaWF0IjoxNjIyNDcxNDY0LCJleHAiOjE2MjUwNjM0NjR9.x-jYI-YQUBqjkYlsKA9ocRBNe7_1FXt5u32cWG_1bpk""}],""classifications"":[]}",jayaprakashrayani@gmail.com,Robot_vacume_cleaner,1622470704000,1622470705000,83.616,11.jpeg,-1,-1,,,Vacum_data,[],https://editor.labelbox.com?project=ckpcla3zmbo6k0743rpt6k6l7&label=ckpcozhzy001c3d6c9krt5u0r,0
ckpcp00sf001g3d6cu10ve6q8,ckpcnkqjq4htp0yro3h27dhb7,https://storage.labelbox.com/ckpckk5dxf8520zai3jwdbv1x%2Fc12ebc47-f761-d08c-955c-22c4f2712e38-14.jpeg?Expires=1623681064858&KeyName=labelbox-assets-key-3&Signature=i4BDZt9XDO5x2O9OBuQvUFPuQuQ,"{""objects"":[{""featureId"":""ckpcozl94001e3d6cjx1hvdut"",""schemaId"":""ckpcoduvlfum70zai8dpf6oqv"",""title"":""obstacle"",""value"":""obstacle"",""color"":""#1CE6FF"",""bbox"":{""top"":3,""left"":0,""height"":331,""width"":1275},""instanceURI"":""https://api.labelbox.com/masks/feature/ckpcozl94001e3d6cjx1hvdut?token=eyJhbGciOiJIUzI1NiIsInR5cCI6IkpXVCJ9.eyJ1c2VySWQiOiJja3Bja2s1ZW9mODUzMHphaTA4N3M1eGh6Iiwib3JnYW5pemF0aW9uSWQiOiJja3Bja2s1ZHhmODUyMHphaTNqd2RidjF4IiwiaWF0IjoxNjIyNDcxNDY0LCJleHAiOjE2MjUwNjM0NjR9.x-jYI-YQUBqjkYlsKA9ocRBNe7_1FXt5u32cWG_1bpk""}],""classifications"":[]}",jayaprakashrayani@gmail.com,Robot_vacume_cleaner,1622470728000,1622470729000,22.205,14.jpeg,-1,-1,,,Vacum_data,[],https://editor.labelbox.com?project=ckpcla3zmbo6k0743rpt6k6l7&label=ckpcp00sf001g3d6cu10ve6q8,0
ckpcp1vjh001q3d6cndhsx35a,ckpcnkqjq4hu10yrodmieh9k9,https://storage.labelbox.com/ckpckk5dxf8520zai3jwdbv1x%2Ffc507cf5-9a4d-4211-caff-5f39a5c4ba14-WhatsApp%20Image%202021-05-31%20at%206.58.51%20PM.jpeg?Expires=1623681064858&KeyName=labelbox-assets-key-3&Signature=1fWqFHXvo2SeZTMs_h3JlkrYluo,"{""objects"":[{""featureId"":""ckpcp03p0001i3d6cvs2sjf74"",""schemaId"":""ckpcoduvlfum70zai8dpf6oqv"",""title"":""obstacle"",""value"":""obstacle"",""color"":""#1CE6FF"",""bbox"":{""top"":152,""left"":138,""height"":267,""width"":1043},""instanceURI"":""https://api.labelbox.com/masks/feature/ckpcp03p0001i3d6cvs2sjf74?token=eyJhbGciOiJIUzI1NiIsInR5cCI6IkpXVCJ9.eyJ1c2VySWQiOiJja3Bja2s1ZW9mODUzMHphaTA4N3M1eGh6Iiwib3JnYW5pemF0aW9uSWQiOiJja3Bja2s1ZHhmODUyMHphaTNqd2RidjF4IiwiaWF0IjoxNjIyNDcxNDY0LCJleHAiOjE2MjUwNjM0NjR9.x-jYI-YQUBqjkYlsKA9ocRBNe7_1FXt5u32cWG_1bpk""},{""featureId"":""ckpcp1gkc001l3d6cywq3e6u2"",""schemaId"":""ckpcoduvlfum70zai8dpf6oqv"",""title"":""obstacle"",""value"":""obstacle"",""color"":""#1CE6FF"",""bbox"":{""top"":155,""left"":12,""height"":264,""width"":117},""instanceURI"":""https://api.labelbox.com/masks/feature/ckpcp1gkc001l3d6cywq3e6u2?token=eyJhbGciOiJIUzI1NiIsInR5cCI6IkpXVCJ9.eyJ1c2VySWQiOiJja3Bja2s1ZW9mODUzMHphaTA4N3M1eGh6Iiwib3JnYW5pemF0aW9uSWQiOiJja3Bja2s1ZHhmODUyMHphaTNqd2RidjF4IiwiaWF0IjoxNjIyNDcxNDY0LCJleHAiOjE2MjUwNjM0NjR9.x-jYI-YQUBqjkYlsKA9ocRBNe7_1FXt5u32cWG_1bpk""},{""featureId"":""ckpcp1p7g001o3d6ctkzwbiy5"",""schemaId"":""ckpcoduvlfum70zai8dpf6oqv"",""title"":""obstacle"",""value"":""obstacle"",""color"":""#1CE6FF"",""bbox"":{""top"":156,""left"":1185,""height"":261,""width"":95},""instanceURI"":""https://api.labelbox.com/masks/feature/ckpcp1p7g001o3d6ctkzwbiy5?token=eyJhbGciOiJIUzI1NiIsInR5cCI6IkpXVCJ9.eyJ1c2VySWQiOiJja3Bja2s1ZW9mODUzMHphaTA4N3M1eGh6Iiwib3JnYW5pemF0aW9uSWQiOiJja3Bja2s1ZHhmODUyMHphaTNqd2RidjF4IiwiaWF0IjoxNjIyNDcxNDY0LCJleHAiOjE2MjUwNjM0NjR9.x-jYI-YQUBqjkYlsKA9ocRBNe7_1FXt5u32cWG_1bpk""}],""classifications"":[]}",jayaprakashrayani@gmail.com,Robot_vacume_cleaner,1622470815000,1622470816000,62.74100000000001,WhatsApp Image 2021-05-31 at 6.58.51 PM.jpeg,-1,-1,,,Vacum_data,[],https://editor.labelbox.com?project=ckpcla3zmbo6k0743rpt6k6l7&label=ckpcp1vjh001q3d6cndhsx35a,0
ckpcp3khd00203d6c9gnrphbd,ckpcnkqjp4hsh0yrocdldf8hc,https://storage.labelbox.com/ckpckk5dxf8520zai3jwdbv1x%2Ff9230dcd-e507-0f3c-54e6-2a07108ab8e0-3.jpeg?Expires=1623681064858&KeyName=labelbox-assets-key-3&Signature=fHRYAaqOBDLB6EuykpKtla-XRkY,"{""objects"":[{""featureId"":""ckpcp1zv1001s3d6cr8fvvrx8"",""schemaId"":""ckpcoduvlfum70zai8dpf6oqv"",""title"":""obstacle"",""value"":""obstacle"",""color"":""#1CE6FF"",""bbox"":{""top"":183,""left"":466,""height"":127,""width"":611},""instanceURI"":""https://api.labelbox.com/masks/feature/ckpcp1zv1001s3d6cr8fvvrx8?token=eyJhbGciOiJIUzI1NiIsInR5cCI6IkpXVCJ9.eyJ1c2VySWQiOiJja3Bja2s1ZW9mODUzMHphaTA4N3M1eGh6Iiwib3JnYW5pemF0aW9uSWQiOiJja3Bja2s1ZHhmODUyMHphaTNqd2RidjF4IiwiaWF0IjoxNjIyNDcxNDY0LCJleHAiOjE2MjUwNjM0NjR9.x-jYI-YQUBqjkYlsKA9ocRBNe7_1FXt5u32cWG_1bpk""},{""featureId"":""ckpcp2htu001v3d6cikzqsox0"",""schemaId"":""ckpcoduvlfum70zai8dpf6oqv"",""title"":""obstacle"",""value"":""obstacle"",""color"":""#1CE6FF"",""bbox"":{""top"":207,""left"":1105,""height"":208,""width"":160},""instanceURI"":""https://api.labelbox.com/masks/feature/ckpcp2htu001v3d6cikzqsox0?token=eyJhbGciOiJIUzI1NiIsInR5cCI6IkpXVCJ9.eyJ1c2VySWQiOiJja3Bja2s1ZW9mODUzMHphaTA4N3M1eGh6Iiwib3JnYW5pemF0aW9uSWQiOiJja3Bja2s1ZHhmODUyMHphaTNqd2RidjF4IiwiaWF0IjoxNjIyNDcxNDY0LCJleHAiOjE2MjUwNjM0NjR9.x-jYI-YQUBqjkYlsKA9ocRBNe7_1FXt5u32cWG_1bpk""},{""featureId"":""ckpcp2pju001y3d6c5d76wz3f"",""schemaId"":""ckpcoduvlfum70zai8dpf6oqv"",""title"":""obstacle"",""value"":""obstacle"",""color"":""#1CE6FF"",""bbox"":{""top"":153,""left"":14,""height"":342,""width"":418},""instanceURI"":""https://api.labelbox.com/masks/feature/ckpcp2pju001y3d6c5d76wz3f?token=eyJhbGciOiJIUzI1NiIsInR5cCI6IkpXVCJ9.eyJ1c2VySWQiOiJja3Bja2s1ZW9mODUzMHphaTA4N3M1eGh6Iiwib3JnYW5pemF0aW9uSWQiOiJja3Bja2s1ZHhmODUyMHphaTNqd2RidjF4IiwiaWF0IjoxNjIyNDcxNDY0LCJleHAiOjE2MjUwNjM0NjR9.x-jYI-YQUBqjkYlsKA9ocRBNe7_1FXt5u32cWG_1bpk""}],""classifications"":[]}",jayaprakashrayani@gmail.com,Robot_vacume_cleaner,1622470894000,1622470895000,78.993,3.jpeg,-1,-1,,,Vacum_data,[],https://editor.labelbox.com?project=ckpcla3zmbo6k0743rpt6k6l7&label=ckpcp3khd00203d6c9gnrphbd,0
ckpcp4iz2002d3d6cr6m4t1jm,ckpcnkqjp4hst0yro7xgpgzq5,https://storage.labelbox.com/ckpckk5dxf8520zai3jwdbv1x%2F74892537-d2f9-cc83-ce46-4266c3ec237f-6.jpeg?Expires=1623681064859&KeyName=labelbox-assets-key-3&Signature=SXLxAl4sOvcVkEonXfI5RL3Osro,"{""objects"":[{""featureId"":""ckpcp3o6k00223d6cd99knqms"",""schemaId"":""ckpcoduvlfum70zai8dpf6oqv"",""title"":""obstacle"",""value"":""obstacle"",""color"":""#1CE6FF"",""bbox"":{""top"":341,""left"":473,""height"":152,""width"":261},""instanceURI"":""https://api.labelbox.com/masks/feature/ckpcp3o6k00223d6cd99knqms?token=eyJhbGciOiJIUzI1NiIsInR5cCI6IkpXVCJ9.eyJ1c2VySWQiOiJja3Bja2s1ZW9mODUzMHphaTA4N3M1eGh6Iiwib3JnYW5pemF0aW9uSWQiOiJja3Bja2s1ZHhmODUyMHphaTNqd2RidjF4IiwiaWF0IjoxNjIyNDcxNDY0LCJleHAiOjE2MjUwNjM0NjR9.x-jYI-YQUBqjkYlsKA9ocRBNe7_1FXt5u32cWG_1bpk""},{""featureId"":""ckpcp3toa00253d6cjfdlmu5i"",""schemaId"":""ckpcoduvlfum70zai8dpf6oqv"",""title"":""obstacle"",""value"":""obstacle"",""color"":""#1CE6FF"",""bbox"":{""top"":0,""left"":0,""height"":280,""width"":339},""instanceURI"":""https://api.labelbox.com/masks/feature/ckpcp3toa00253d6cjfdlmu5i?token=eyJhbGciOiJIUzI1NiIsInR5cCI6IkpXVCJ9.eyJ1c2VySWQiOiJja3Bja2s1ZW9mODUzMHphaTA4N3M1eGh6Iiwib3JnYW5pemF0aW9uSWQiOiJja3Bja2s1ZHhmODUyMHphaTNqd2RidjF4IiwiaWF0IjoxNjIyNDcxNDY0LCJleHAiOjE2MjUwNjM0NjR9.x-jYI-YQUBqjkYlsKA9ocRBNe7_1FXt5u32cWG_1bpk""},{""featureId"":""ckpcp40n300283d6c3wwgqeub"",""schemaId"":""ckpcoduvlfum70zai8dpf6oqv"",""title"":""obstacle"",""value"":""obstacle"",""color"":""#1CE6FF"",""bbox"":{""top"":0,""left"":1098,""height"":228,""width"":182},""instanceURI"":""https://api.labelbox.com/masks/feature/ckpcp40n300283d6c3wwgqeub?token=eyJhbGciOiJIUzI1NiIsInR5cCI6IkpXVCJ9.eyJ1c2VySWQiOiJja3Bja2s1ZW9mODUzMHphaTA4N3M1eGh6Iiwib3JnYW5pemF0aW9uSWQiOiJja3Bja2s1ZHhmODUyMHphaTNqd2RidjF4IiwiaWF0IjoxNjIyNDcxNDY0LCJleHAiOjE2MjUwNjM0NjR9.x-jYI-YQUBqjkYlsKA9ocRBNe7_1FXt5u32cWG_1bpk""},{""featureId"":""ckpcp4aov002b3d6cw7iaakpb"",""schemaId"":""ckpcoduvlfum70zai8dpf6oqv"",""title"":""obstacle"",""value"":""obstacle"",""color"":""#1CE6FF"",""bbox"":{""top"":136,""left"":464,""height"":48,""width"":254},""instanceURI"":""https://api.labelbox.com/masks/feature/ckpcp4aov002b3d6cw7iaakpb?token=eyJhbGciOiJIUzI1NiIsInR5cCI6IkpXVCJ9.eyJ1c2VySWQiOiJja3Bja2s1ZW9mODUzMHphaTA4N3M1eGh6Iiwib3JnYW5pemF0aW9uSWQiOiJja3Bja2s1ZHhmODUyMHphaTNqd2RidjF4IiwiaWF0IjoxNjIyNDcxNDY0LCJleHAiOjE2MjUwNjM0NjR9.x-jYI-YQUBqjkYlsKA9ocRBNe7_1FXt5u32cWG_1bpk""}],""classifications"":[]}",jayaprakashrayani@gmail.com,Robot_vacume_cleaner,1622470941000,1622470941483,44.080999999999996,6.jpeg,,-1,,,Vacum_data,[],https://editor.labelbox.com?project=ckpcla3zmbo6k0743rpt6k6l7&label=ckpcp4iz2002d3d6cr6m4t1jm,0
ckpcp69h8002q3d6cv91oxis6,ckpcnkqjq4ht50yro0jz783ia,https://storage.labelbox.com/ckpckk5dxf8520zai3jwdbv1x%2Fa1a74ebb-30bf-692a-5cca-ef6a5098fd18-9.jpeg?Expires=1623681064859&KeyName=labelbox-assets-key-3&Signature=GC2cwHhfw4JA0bpaAZY9FYPkwgM,"{""objects"":[{""featureId"":""ckpcp4ok5002f3d6c4i5gbp0i"",""schemaId"":""ckpcoduvlfum70zai8dpf6oqv"",""title"":""obstacle"",""value"":""obstacle"",""color"":""#1CE6FF"",""bbox"":{""top"":309,""left"":34,""height"":165,""width"":508},""instanceURI"":""https://api.labelbox.com/masks/feature/ckpcp4ok5002f3d6c4i5gbp0i?token=eyJhbGciOiJIUzI1NiIsInR5cCI6IkpXVCJ9.eyJ1c2VySWQiOiJja3Bja2s1ZW9mODUzMHphaTA4N3M1eGh6Iiwib3JnYW5pemF0aW9uSWQiOiJja3Bja2s1ZHhmODUyMHphaTNqd2RidjF4IiwiaWF0IjoxNjIyNDcxNDY0LCJleHAiOjE2MjUwNjM0NjR9.x-jYI-YQUBqjkYlsKA9ocRBNe7_1FXt5u32cWG_1bpk""},{""featureId"":""ckpcp5k6a002i3d6ck1elw8d2"",""schemaId"":""ckpcoduvlfum70zai8dpf6oqv"",""title"":""obstacle"",""value"":""obstacle"",""color"":""#1CE6FF"",""bbox"":{""top"":287,""left"":557,""height"":175,""width"":589},""instanceURI"":""https://api.labelbox.com/masks/feature/ckpcp5k6a002i3d6ck1elw8d2?token=eyJhbGciOiJIUzI1NiIsInR5cCI6IkpXVCJ9.eyJ1c2VySWQiOiJja3Bja2s1ZW9mODUzMHphaTA4N3M1eGh6Iiwib3JnYW5pemF0aW9uSWQiOiJja3Bja2s1ZHhmODUyMHphaTNqd2RidjF4IiwiaWF0IjoxNjIyNDcxNDY0LCJleHAiOjE2MjUwNjM0NjR9.x-jYI-YQUBqjkYlsKA9ocRBNe7_1FXt5u32cWG_1bpk""},{""featureId"":""ckpcp5spx002l3d6cluac9p76"",""schemaId"":""ckpcoduvlfum70zai8dpf6oqv"",""title"":""obstacle"",""value"":""obstacle"",""color"":""#1CE6FF"",""bbox"":{""top"":108,""left"":1149,""height"":252,""width"":131},""instanceURI"":""https://api.labelbox.com/masks/feature/ckpcp5spx002l3d6cluac9p76?token=eyJhbGciOiJIUzI1NiIsInR5cCI6IkpXVCJ9.eyJ1c2VySWQiOiJja3Bja2s1ZW9mODUzMHphaTA4N3M1eGh6Iiwib3JnYW5pemF0aW9uSWQiOiJja3Bja2s1ZHhmODUyMHphaTNqd2RidjF4IiwiaWF0IjoxNjIyNDcxNDY0LCJleHAiOjE2MjUwNjM0NjR9.x-jYI-YQUBqjkYlsKA9ocRBNe7_1FXt5u32cWG_1bpk""},{""featureId"":""ckpcp631c002o3d6c2lujlv6d"",""schemaId"":""ckpcoduvlfum70zai8dpf6oqv"",""title"":""obstacle"",""value"":""obstacle"",""color"":""#1CE6FF"",""bbox"":{""top"":133,""left"":88,""height"":145,""width"":659},""instanceURI"":""https://api.labelbox.com/masks/feature/ckpcp631c002o3d6c2lujlv6d?token=eyJhbGciOiJIUzI1NiIsInR5cCI6IkpXVCJ9.eyJ1c2VySWQiOiJja3Bja2s1ZW9mODUzMHphaTA4N3M1eGh6Iiwib3JnYW5pemF0aW9uSWQiOiJja3Bja2s1ZHhmODUyMHphaTNqd2RidjF4IiwiaWF0IjoxNjIyNDcxNDY0LCJleHAiOjE2MjUwNjM0NjR9.x-jYI-YQUBqjkYlsKA9ocRBNe7_1FXt5u32cWG_1bpk""}],""classifications"":[]}",jayaprakashrayani@gmail.com,Robot_vacume_cleaner,1622471020000,1622471020000,73.253,9.jpeg,-1,-1,,,Vacum_data,[],https://editor.labelbox.com?project=ckpcla3zmbo6k0743rpt6k6l7&label=ckpcp69h8002q3d6cv91oxis6,0
ckpcp8nvo003e3d6csrajnvv5,ckpcnkqjq4hth0yro83jj3pns,https://storage.labelbox.com/ckpckk5dxf8520zai3jwdbv1x%2F730f8c3c-9589-8d15-7917-606d95375b1b-12.jpeg?Expires=1623681064861&KeyName=labelbox-assets-key-3&Signature=3LQzwSAxx_EmSirpd3zZq-SFpm4,"{""objects"":[{""featureId"":""ckpcp6zi7002v3d6cqcegb2n9"",""schemaId"":""ckpcoduvlfum70zai8dpf6oqv"",""title"":""obstacle"",""value"":""obstacle"",""color"":""#1CE6FF"",""bbox"":{""top"":28,""left"":221,""height"":218,""width"":135},""instanceURI"":""https://api.labelbox.com/masks/feature/ckpcp6zi7002v3d6cqcegb2n9?token=eyJhbGciOiJIUzI1NiIsInR5cCI6IkpXVCJ9.eyJ1c2VySWQiOiJja3Bja2s1ZW9mODUzMHphaTA4N3M1eGh6Iiwib3JnYW5pemF0aW9uSWQiOiJja3Bja2s1ZHhmODUyMHphaTNqd2RidjF4IiwiaWF0IjoxNjIyNDcxNDY0LCJleHAiOjE2MjUwNjM0NjR9.x-jYI-YQUBqjkYlsKA9ocRBNe7_1FXt5u32cWG_1bpk""},{""featureId"":""ckpcp7n7o00303d6c0z7ropuh"",""schemaId"":""ckpcoduvlfum70zai8dpf6oqv"",""title"":""obstacle"",""value"":""obstacle"",""color"":""#1CE6FF"",""bbox"":{""top"":28,""left"":393,""height"":126,""width"":68},""instanceURI"":""https://api.labelbox.com/masks/feature/ckpcp7n7o00303d6c0z7ropuh?token=eyJhbGciOiJIUzI1NiIsInR5cCI6IkpXVCJ9.eyJ1c2VySWQiOiJja3Bja2s1ZW9mODUzMHphaTA4N3M1eGh6Iiwib3JnYW5pemF0aW9uSWQiOiJja3Bja2s1ZHhmODUyMHphaTNqd2RidjF4IiwiaWF0IjoxNjIyNDcxNDY0LCJleHAiOjE2MjUwNjM0NjR9.x-jYI-YQUBqjkYlsKA9ocRBNe7_1FXt5u32cWG_1bpk""},{""featureId"":""ckpcp7ste00333d6cqqzowfjy"",""schemaId"":""ckpcoduvlfum70zai8dpf6oqv"",""title"":""obstacle"",""value"":""obstacle"",""color"":""#1CE6FF"",""bbox"":{""top"":32,""left"":756,""height"":139,""width"":65},""instanceURI"":""https://api.labelbox.com/masks/feature/ckpcp7ste00333d6cqqzowfjy?token=eyJhbGciOiJIUzI1NiIsInR5cCI6IkpXVCJ9.eyJ1c2VySWQiOiJja3Bja2s1ZW9mODUzMHphaTA4N3M1eGh6Iiwib3JnYW5pemF0aW9uSWQiOiJja3Bja2s1ZHhmODUyMHphaTNqd2RidjF4IiwiaWF0IjoxNjIyNDcxNDY0LCJleHAiOjE2MjUwNjM0NjR9.x-jYI-YQUBqjkYlsKA9ocRBNe7_1FXt5u32cWG_1bpk""},{""featureId"":""ckpcp7yp700363d6cxrnyxl9o"",""schemaId"":""ckpcoduvlfum70zai8dpf6oqv"",""title"":""obstacle"",""value"":""obstacle"",""color"":""#1CE6FF"",""bbox"":{""top"":37,""left"":908,""height"":210,""width"":105},""instanceURI"":""https://api.labelbox.com/masks/feature/ckpcp7yp700363d6cxrnyxl9o?token=eyJhbGciOiJIUzI1NiIsInR5cCI6IkpXVCJ9.eyJ1c2VySWQiOiJja3Bja2s1ZW9mODUzMHphaTA4N3M1eGh6Iiwib3JnYW5pemF0aW9uSWQiOiJja3Bja2s1ZHhmODUyMHphaTNqd2RidjF4IiwiaWF0IjoxNjIyNDcxNDY0LCJleHAiOjE2MjUwNjM0NjR9.x-jYI-YQUBqjkYlsKA9ocRBNe7_1FXt5u32cWG_1bpk""},{""featureId"":""ckpcp845400393d6c0jz0cq6a"",""schemaId"":""ckpcoduvlfum70zai8dpf6oqv"",""title"":""obstacle"",""value"":""obstacle"",""color"":""#1CE6FF"",""bbox"":{""top"":47,""left"":1095,""height"":123,""width"":185},""instanceURI"":""https://api.labelbox.com/masks/feature/ckpcp845400393d6c0jz0cq6a?token=eyJhbGciOiJIUzI1NiIsInR5cCI6IkpXVCJ9.eyJ1c2VySWQiOiJja3Bja2s1ZW9mODUzMHphaTA4N3M1eGh6Iiwib3JnYW5pemF0aW9uSWQiOiJja3Bja2s1ZHhmODUyMHphaTNqd2RidjF4IiwiaWF0IjoxNjIyNDcxNDY0LCJleHAiOjE2MjUwNjM0NjR9.x-jYI-YQUBqjkYlsKA9ocRBNe7_1FXt5u32cWG_1bpk""},{""featureId"":""ckpcp8hi3003c3d6cwgujf9ku"",""schemaId"":""ckpcoduvlfum70zai8dpf6oqv"",""title"":""obstacle"",""value"":""obstacle"",""color"":""#1CE6FF"",""bbox"":{""top"":3,""left"":0,""height"":105,""width"":80},""instanceURI"":""https://api.labelbox.com/masks/feature/ckpcp8hi3003c3d6cwgujf9ku?token=eyJhbGciOiJIUzI1NiIsInR5cCI6IkpXVCJ9.eyJ1c2VySWQiOiJja3Bja2s1ZW9mODUzMHphaTA4N3M1eGh6Iiwib3JnYW5pemF0aW9uSWQiOiJja3Bja2s1ZHhmODUyMHphaTNqd2RidjF4IiwiaWF0IjoxNjIyNDcxNDY0LCJleHAiOjE2MjUwNjM0NjR9.x-jYI-YQUBqjkYlsKA9ocRBNe7_1FXt5u32cWG_1bpk""}],""classifications"":[]}",jayaprakashrayani@gmail.com,Robot_vacume_cleaner,1622471132000,1622471132000,106.34,12.jpeg,-1,-1,,,Vacum_data,[],https://editor.labelbox.com?project=ckpcla3zmbo6k0743rpt6k6l7&label=ckpcp8nvo003e3d6csrajnvv5,0
ckpcp94x3003i3d6caztaim6w,ckpcnkqjq4htt0yrocdmd8tb9,https://storage.labelbox.com/ckpckk5dxf8520zai3jwdbv1x%2F284cafd1-f070-699b-36bc-925ff3fb83ca-15.jpeg?Expires=1623681064862&KeyName=labelbox-assets-key-3&Signature=yjMbt0AiLVMsr6fvk4lXxDVMVcc,"{""objects"":[{""featureId"":""ckpcp8r6o003g3d6co793w83u"",""schemaId"":""ckpcoduvlfum70zai8dpf6oqv"",""title"":""obstacle"",""value"":""obstacle"",""color"":""#1CE6FF"",""bbox"":{""top"":127,""left"":0,""height"":478,""width"":1280},""instanceURI"":""https://api.labelbox.com/masks/feature/ckpcp8r6o003g3d6co793w83u?token=eyJhbGciOiJIUzI1NiIsInR5cCI6IkpXVCJ9.eyJ1c2VySWQiOiJja3Bja2s1ZW9mODUzMHphaTA4N3M1eGh6Iiwib3JnYW5pemF0aW9uSWQiOiJja3Bja2s1ZHhmODUyMHphaTNqd2RidjF4IiwiaWF0IjoxNjIyNDcxNDY0LCJleHAiOjE2MjUwNjM0NjR9.x-jYI-YQUBqjkYlsKA9ocRBNe7_1FXt5u32cWG_1bpk""}],""classifications"":[]}",jayaprakashrayani@gmail.com,Robot_vacume_cleaner,1622471154000,1622471154000,23.856,15.jpeg,-1,-1,,,Vacum_data,[],https://editor.labelbox.com?project=ckpcla3zmbo6k0743rpt6k6l7&label=ckpcp94x3003i3d6caztaim6w,0
ckpcpay8600403d6c0i5z0ht8,ckpcnkqjp4hsl0yrogrrib5he,https://storage.labelbox.com/ckpckk5dxf8520zai3jwdbv1x%2Fb9603fa4-f7ab-5777-6762-b7f0b256617e-4.jpeg?Expires=1623681064862&KeyName=labelbox-assets-key-3&Signature=ketRF7e8mR3a5YbNnDMvcQePB5o,"{""objects"":[{""featureId"":""ckpcp983d003k3d6cv1yrze5n"",""schemaId"":""ckpcoduvlfum70zai8dpf6oqv"",""title"":""obstacle"",""value"":""obstacle"",""color"":""#1CE6FF"",""bbox"":{""top"":234,""left"":14,""height"":433,""width"":429},""instanceURI"":""https://api.labelbox.com/masks/feature/ckpcp983d003k3d6cv1yrze5n?token=eyJhbGciOiJIUzI1NiIsInR5cCI6IkpXVCJ9.eyJ1c2VySWQiOiJja3Bja2s1ZW9mODUzMHphaTA4N3M1eGh6Iiwib3JnYW5pemF0aW9uSWQiOiJja3Bja2s1ZHhmODUyMHphaTNqd2RidjF4IiwiaWF0IjoxNjIyNDcxNDY0LCJleHAiOjE2MjUwNjM0NjR9.x-jYI-YQUBqjkYlsKA9ocRBNe7_1FXt5u32cWG_1bpk""},{""featureId"":""ckpcp9end003n3d6czjdqk3si"",""schemaId"":""ckpcoduvlfum70zai8dpf6oqv"",""title"":""obstacle"",""value"":""obstacle"",""color"":""#1CE6FF"",""bbox"":{""top"":209,""left"":492,""height"":207,""width"":579},""instanceURI"":""https://api.labelbox.com/masks/feature/ckpcp9end003n3d6czjdqk3si?token=eyJhbGciOiJIUzI1NiIsInR5cCI6IkpXVCJ9.eyJ1c2VySWQiOiJja3Bja2s1ZW9mODUzMHphaTA4N3M1eGh6Iiwib3JnYW5pemF0aW9uSWQiOiJja3Bja2s1ZHhmODUyMHphaTNqd2RidjF4IiwiaWF0IjoxNjIyNDcxNDY0LCJleHAiOjE2MjUwNjM0NjR9.x-jYI-YQUBqjkYlsKA9ocRBNe7_1FXt5u32cWG_1bpk""},{""featureId"":""ckpcpa9p8003v3d6cj5d6hl5q"",""schemaId"":""ckpcoduvlfum70zai8dpf6oqv"",""title"":""obstacle"",""value"":""obstacle"",""color"":""#1CE6FF"",""bbox"":{""top"":343,""left"":1038,""height"":129,""width"":72},""instanceURI"":""https://api.labelbox.com/masks/feature/ckpcpa9p8003v3d6cj5d6hl5q?token=eyJhbGciOiJIUzI1NiIsInR5cCI6IkpXVCJ9.eyJ1c2VySWQiOiJja3Bja2s1ZW9mODUzMHphaTA4N3M1eGh6Iiwib3JnYW5pemF0aW9uSWQiOiJja3Bja2s1ZHhmODUyMHphaTNqd2RidjF4IiwiaWF0IjoxNjIyNDcxNDY0LCJleHAiOjE2MjUwNjM0NjR9.x-jYI-YQUBqjkYlsKA9ocRBNe7_1FXt5u32cWG_1bpk""},{""featureId"":""ckpcpaifq003y3d6cxvbutjoc"",""schemaId"":""ckpcoduvlfum70zai8dpf6oqv"",""title"":""obstacle"",""value"":""obstacle"",""color"":""#1CE6FF"",""bbox"":{""top"":412,""left"":1142,""height"":128,""width"":101},""instanceURI"":""https://api.labelbox.com/masks/feature/ckpcpaifq003y3d6cxvbutjoc?token=eyJhbGciOiJIUzI1NiIsInR5cCI6IkpXVCJ9.eyJ1c2VySWQiOiJja3Bja2s1ZW9mODUzMHphaTA4N3M1eGh6Iiwib3JnYW5pemF0aW9uSWQiOiJja3Bja2s1ZHhmODUyMHphaTNqd2RidjF4IiwiaWF0IjoxNjIyNDcxNDY0LCJleHAiOjE2MjUwNjM0NjR9.x-jYI-YQUBqjkYlsKA9ocRBNe7_1FXt5u32cWG_1bpk""}],""classifications"":[]}",jayaprakashrayani@gmail.com,Robot_vacume_cleaner,1622471238000,1622471239077,80.968,4.jpeg,,-1,,,Vacum_data,[],https://editor.labelbox.com?project=ckpcla3zmbo6k0743rpt6k6l7&label=ckpcpay8600403d6c0i5z0ht8,0
ckpcpbb7o00443d6c7i82h2oc,ckpcnkqjp4hsx0yrogxpzc0ai,https://storage.labelbox.com/ckpckk5dxf8520zai3jwdbv1x%2F725b5205-e6b6-f32e-4481-8cd2ee24864a-7.jpeg?Expires=1623681064863&KeyName=labelbox-assets-key-3&Signature=-jQ_SqCUdUY1PXt6P3DIf1QgE6k,"{""objects"":[{""featureId"":""ckpcpb1zq00423d6c0zea1vqh"",""schemaId"":""ckpcoduvlfum70zai8dpf6oqv"",""title"":""obstacle"",""value"":""obstacle"",""color"":""#1CE6FF"",""bbox"":{""top"":351,""left"":609,""height"":182,""width"":164},""instanceURI"":""https://api.labelbox.com/masks/feature/ckpcpb1zq00423d6c0zea1vqh?token=eyJhbGciOiJIUzI1NiIsInR5cCI6IkpXVCJ9.eyJ1c2VySWQiOiJja3Bja2s1ZW9mODUzMHphaTA4N3M1eGh6Iiwib3JnYW5pemF0aW9uSWQiOiJja3Bja2s1ZHhmODUyMHphaTNqd2RidjF4IiwiaWF0IjoxNjIyNDcxNDY0LCJleHAiOjE2MjUwNjM0NjR9.x-jYI-YQUBqjkYlsKA9ocRBNe7_1FXt5u32cWG_1bpk""}],""classifications"":[]}",jayaprakashrayani@gmail.com,Robot_vacume_cleaner,1622471256000,1622471256000,19.968,7.jpeg,-1,-1,,,Vacum_data,[],https://editor.labelbox.com?project=ckpcla3zmbo6k0743rpt6k6l7&label=ckpcpbb7o00443d6c7i82h2oc,0
ckpcpcetc004h3d6cvkncioso,ckpcnkqjq4ht90yro31isdneh,https://storage.labelbox.com/ckpckk5dxf8520zai3jwdbv1x%2Fb18d044b-0ee9-aae2-8042-6b748418205c-10.jpeg?Expires=1623681064863&KeyName=labelbox-assets-key-3&Signature=0aGCk2BnCfQvC3bRn6uPDgkv2RI,"{""objects"":[{""featureId"":""ckpcpbem400463d6c8m6954y4"",""schemaId"":""ckpcoduvlfum70zai8dpf6oqv"",""title"":""obstacle"",""value"":""obstacle"",""color"":""#1CE6FF"",""bbox"":{""top"":56,""left"":722,""height"":196,""width"":205},""instanceURI"":""https://api.labelbox.com/masks/feature/ckpcpbem400463d6c8m6954y4?token=eyJhbGciOiJIUzI1NiIsInR5cCI6IkpXVCJ9.eyJ1c2VySWQiOiJja3Bja2s1ZW9mODUzMHphaTA4N3M1eGh6Iiwib3JnYW5pemF0aW9uSWQiOiJja3Bja2s1ZHhmODUyMHphaTNqd2RidjF4IiwiaWF0IjoxNjIyNDcxNDY0LCJleHAiOjE2MjUwNjM0NjR9.x-jYI-YQUBqjkYlsKA9ocRBNe7_1FXt5u32cWG_1bpk""},{""featureId"":""ckpcpbmbz00493d6c74sdfde4"",""schemaId"":""ckpcoduvlfum70zai8dpf6oqv"",""title"":""obstacle"",""value"":""obstacle"",""color"":""#1CE6FF"",""bbox"":{""top"":329,""left"":407,""height"":349,""width"":407},""instanceURI"":""https://api.labelbox.com/masks/feature/ckpcpbmbz00493d6c74sdfde4?token=eyJhbGciOiJIUzI1NiIsInR5cCI6IkpXVCJ9.eyJ1c2VySWQiOiJja3Bja2s1ZW9mODUzMHphaTA4N3M1eGh6Iiwib3JnYW5pemF0aW9uSWQiOiJja3Bja2s1ZHhmODUyMHphaTNqd2RidjF4IiwiaWF0IjoxNjIyNDcxNDY0LCJleHAiOjE2MjUwNjM0NjR9.x-jYI-YQUBqjkYlsKA9ocRBNe7_1FXt5u32cWG_1bpk""},{""featureId"":""ckpcpbuuh004c3d6c3ad70gtb"",""schemaId"":""ckpcoduvlfum70zai8dpf6oqv"",""title"":""obstacle"",""value"":""obstacle"",""color"":""#1CE6FF"",""bbox"":{""top"":212,""left"":557,""height"":228,""width"":361},""instanceURI"":""https://api.labelbox.com/masks/feature/ckpcpbuuh004c3d6c3ad70gtb?token=eyJhbGciOiJIUzI1NiIsInR5cCI6IkpXVCJ9.eyJ1c2VySWQiOiJja3Bja2s1ZW9mODUzMHphaTA4N3M1eGh6Iiwib3JnYW5pemF0aW9uSWQiOiJja3Bja2s1ZHhmODUyMHphaTNqd2RidjF4IiwiaWF0IjoxNjIyNDcxNDY0LCJleHAiOjE2MjUwNjM0NjR9.x-jYI-YQUBqjkYlsKA9ocRBNe7_1FXt5u32cWG_1bpk""},{""featureId"":""ckpcpc6xw004f3d6cs7hjjbpw"",""schemaId"":""ckpcoduvlfum70zai8dpf6oqv"",""title"":""obstacle"",""value"":""obstacle"",""color"":""#1CE6FF"",""bbox"":{""top"":1,""left"":3,""height"":475,""width"":295},""instanceURI"":""https://api.labelbox.com/masks/feature/ckpcpc6xw004f3d6cs7hjjbpw?token=eyJhbGciOiJIUzI1NiIsInR5cCI6IkpXVCJ9.eyJ1c2VySWQiOiJja3Bja2s1ZW9mODUzMHphaTA4N3M1eGh6Iiwib3JnYW5pemF0aW9uSWQiOiJja3Bja2s1ZHhmODUyMHphaTNqd2RidjF4IiwiaWF0IjoxNjIyNDcxNDY0LCJleHAiOjE2MjUwNjM0NjR9.x-jYI-YQUBqjkYlsKA9ocRBNe7_1FXt5u32cWG_1bpk""}],""classifications"":[]}",jayaprakashrayani@gmail.com,Robot_vacume_cleaner,1622471307000,1622471308000,45.713,10.jpeg,-1,-1,,,Vacum_data,[],https://editor.labelbox.com?project=ckpcla3zmbo6k0743rpt6k6l7&label=ckpcpcetc004h3d6cvkncioso,0
ckpcpdmz8004u3d6ctmippsqx,ckpcnkqjq4htl0yro2dpb5lye,https://storage.labelbox.com/ckpckk5dxf8520zai3jwdbv1x%2F8450bb57-ba6b-2567-300c-2a2d1f83d381-13.jpeg?Expires=1623681064865&KeyName=labelbox-assets-key-3&Signature=JaYnmJHu3PxeVrSY5E7ubbKild8,"{""objects"":[{""featureId"":""ckpcpcjku004j3d6cctrvks0z"",""schemaId"":""ckpcoduvlfum70zai8dpf6oqv"",""title"":""obstacle"",""value"":""obstacle"",""color"":""#1CE6FF"",""bbox"":{""top"":165,""left"":475,""height"":199,""width"":573},""instanceURI"":""https://api.labelbox.com/masks/feature/ckpcpcjku004j3d6cctrvks0z?token=eyJhbGciOiJIUzI1NiIsInR5cCI6IkpXVCJ9.eyJ1c2VySWQiOiJja3Bja2s1ZW9mODUzMHphaTA4N3M1eGh6Iiwib3JnYW5pemF0aW9uSWQiOiJja3Bja2s1ZHhmODUyMHphaTNqd2RidjF4IiwiaWF0IjoxNjIyNDcxNDY0LCJleHAiOjE2MjUwNjM0NjR9.x-jYI-YQUBqjkYlsKA9ocRBNe7_1FXt5u32cWG_1bpk""},{""featureId"":""ckpcpct1p004m3d6c23nftlgo"",""schemaId"":""ckpcoduvlfum70zai8dpf6oqv"",""title"":""obstacle"",""value"":""obstacle"",""color"":""#1CE6FF"",""bbox"":{""top"":262,""left"":3,""height"":222,""width"":394},""instanceURI"":""https://api.labelbox.com/masks/feature/ckpcpct1p004m3d6c23nftlgo?token=eyJhbGciOiJIUzI1NiIsInR5cCI6IkpXVCJ9.eyJ1c2VySWQiOiJja3Bja2s1ZW9mODUzMHphaTA4N3M1eGh6Iiwib3JnYW5pemF0aW9uSWQiOiJja3Bja2s1ZHhmODUyMHphaTNqd2RidjF4IiwiaWF0IjoxNjIyNDcxNDY0LCJleHAiOjE2MjUwNjM0NjR9.x-jYI-YQUBqjkYlsKA9ocRBNe7_1FXt5u32cWG_1bpk""},{""featureId"":""ckpcpcxwb004p3d6c12zrq2z9"",""schemaId"":""ckpcoduvlfum70zai8dpf6oqv"",""title"":""obstacle"",""value"":""obstacle"",""color"":""#1CE6FF"",""bbox"":{""top"":284,""left"":1160,""height"":136,""width"":77},""instanceURI"":""https://api.labelbox.com/masks/feature/ckpcpcxwb004p3d6c12zrq2z9?token=eyJhbGciOiJIUzI1NiIsInR5cCI6IkpXVCJ9.eyJ1c2VySWQiOiJja3Bja2s1ZW9mODUzMHphaTA4N3M1eGh6Iiwib3JnYW5pemF0aW9uSWQiOiJja3Bja2s1ZHhmODUyMHphaTNqd2RidjF4IiwiaWF0IjoxNjIyNDcxNDY0LCJleHAiOjE2MjUwNjM0NjR9.x-jYI-YQUBqjkYlsKA9ocRBNe7_1FXt5u32cWG_1bpk""},{""featureId"":""ckpcpd3du004s3d6cv3pc1umt"",""schemaId"":""ckpcoduvlfum70zai8dpf6oqv"",""title"":""obstacle"",""value"":""obstacle"",""color"":""#1CE6FF"",""bbox"":{""top"":263,""left"":1072,""height"":92,""width"":38},""instanceURI"":""https://api.labelbox.com/masks/feature/ckpcpd3du004s3d6cv3pc1umt?token=eyJhbGciOiJIUzI1NiIsInR5cCI6IkpXVCJ9.eyJ1c2VySWQiOiJja3Bja2s1ZW9mODUzMHphaTA4N3M1eGh6Iiwib3JnYW5pemF0aW9uSWQiOiJja3Bja2s1ZHhmODUyMHphaTNqd2RidjF4IiwiaWF0IjoxNjIyNDcxNDY0LCJleHAiOjE2MjUwNjM0NjR9.x-jYI-YQUBqjkYlsKA9ocRBNe7_1FXt5u32cWG_1bpk""}],""classifications"":[]}",jayaprakashrayani@gmail.com,Robot_vacume_cleaner,1622471364000,1622471364000,55.537,13.jpeg,-1,-1,,,Vacum_data,[],https://editor.labelbox.com?project=ckpcla3zmbo6k0743rpt6k6l7&label=ckpcpdmz8004u3d6ctmippsqx,0
ckpcpe3hn004y3d6czhzrqiel,ckpcnkqjq4htx0yro16871h7u,https://storage.labelbox.com/ckpckk5dxf8520zai3jwdbv1x%2Fb77b5392-53e7-ebaa-5851-76d5886e6f9f-16.jpeg?Expires=1623681064866&KeyName=labelbox-assets-key-3&Signature=wtTHtd7M62btQHc99zjS3javN90,"{""objects"":[{""featureId"":""ckpcpdqp5004w3d6cnsoc3rlk"",""schemaId"":""ckpcoduvlfum70zai8dpf6oqv"",""title"":""obstacle"",""value"":""obstacle"",""color"":""#1CE6FF"",""bbox"":{""top"":63,""left"":5,""height"":329,""width"":1269},""instanceURI"":""https://api.labelbox.com/masks/feature/ckpcpdqp5004w3d6cnsoc3rlk?token=eyJhbGciOiJIUzI1NiIsInR5cCI6IkpXVCJ9.eyJ1c2VySWQiOiJja3Bja2s1ZW9mODUzMHphaTA4N3M1eGh6Iiwib3JnYW5pemF0aW9uSWQiOiJja3Bja2s1ZHhmODUyMHphaTNqd2RidjF4IiwiaWF0IjoxNjIyNDcxNDY0LCJleHAiOjE2MjUwNjM0NjR9.x-jYI-YQUBqjkYlsKA9ocRBNe7_1FXt5u32cWG_1bpk""}],""classifications"":[]}",jayaprakashrayani@gmail.com,Robot_vacume_cleaner,1622471385000,1622471386000,20.003,16.jpeg,-1,-1,,,Vacum_data,[],https://editor.labelbox.com?project=ckpcla3zmbo6k0743rpt6k6l7&label=ckpcpe3hn004y3d6czhzrqiel,0
